id,full_name,email,role,team_id
,Aditya,aditya@talentops.com,executive,
,Pavan,pavan@talentops.com,manager,
,Deekshith,deekshith@talentops.com,manager,
,Sudheer,sudheer@talentops.com,team_lead,
,Vyntage,vyntage@talentops.com,team_lead,
,Mohith,mohith@talentops.com,employee,
,Moneesh,moneesh@talentops.com,employee,
,Vardhan,vardhan@talentops.com,employee,
,Akash,akash@talentops.com,employee,
